IdProducto,SEMESTRE,VentasSemestrales,Top,Ventas_Semestrales_format
42766,1,2306822.98,1,"2,306,822.98"
42967,1,1046515.0,2,"1,046,515.00"
42957,1,889691.0,3,"889,691.00"
42963,1,805410.0,4,"805,410.00"
42934,1,769270.0,5,"769,270.00"
42779,2,3449369.4400000013,1,"3,449,369.44"
42969,2,1286065.0,2,"1,286,065.00"
42951,2,1065050.0,3,"1,065,050.00"
42846,2,1033308.5399999998,4,"1,033,308.54"
42971,2,1016416.0,5,"1,016,416.00"
