DESCRIPCION,AÑO,VentasAnuales,rank,total_ventas_format
Presencial,2015,8.30127421800004E7,1,"83,012,742.18"
Telefónica,2016,2.779175894000002E7,1,"27,791,758.94"
Telefónica,2017,2.9340872620000027E7,1,"29,340,872.62"
OnLine,2018,9.791991473000018E7,1,"97,919,914.73"
OnLine,2019,3.3156581069999978E7,1,"33,156,581.07"
OnLine,2020,6.407009900000002E7,1,"64,070,099.00"
